Workbook

Sheet Data Peserta
A1: z | B1: LEVEL JABATAN | C1: NIP/NRP | D1: Nama Peserta | E1: Nama Peserta Tanpa Gelar | F1: Nama Peserta Tanpa Gelar | G1: Jabatan | H1: Satuan Kerja | I1: Tujuan Asesmen | J1: WhatsApp Peserta | K1: Link Wa Peserta | L1: Whatsapp Peserta dari Form | M1: Link WA Peserta Form | N1: Nama Pendamping IT | O1: Whatsapp Pendamping IT | P1: Link Whatsapp Pendamping IT | Q1: Link Analisa Kasus | R1: Link PPT | S1: OTP | T1: Peserta | U1: KP | V1: CI | W1: Q-Kom | X1: DRH | Y1: Keterangan
A2: 1 | B2: 4 | C2: 197108152005011011 | D2: Arif Roesman Effendy, ST., M.Sc., MT | E2: Rhubi Iswandi Trinaron | F2: Arif Roesman Effendy | G2: Kepala Badan Riset dan Inovasi Daerah | H2: Badan Riset dan Inovasi Daerah | I2: Penilaian Kompetensi Seleksi JPTP Sekretaris Daerah Kota Bima | K2: =IFERROR(IF(LEFT(J2,2)="62",CONCAT("https://wa.me/62",J2),CONCAT("https://wa.me/628",RIGHT(J2,LEN(J2)-1))),"") | L2: =IFERROR(Vlookup(C2,Response!$D$4:$L$1000,4,0),"") -> 6285338633833 | M2: =IFERROR(IF(LEFT(L2,2)="62",CONCAT("https://wa.me/",L2),CONCAT("https://wa.me/62",RIGHT(L2,LEN(L2)-1))),"") -> https://wa.me/6285338633833 | N2: =IFERROR(Vlookup(C2,Response!$D$4:$L$1000,6,0),"") -> Ahmad Yani Muhlis, M.Pd dan Neneng Halidah, S.Pi | O2: =IFERROR(Vlookup(C2,Response!$D$4:$L$1000,7,0),"") -> 6285338248281 | P2: =IFERROR(IF(LEFT(O2,2)="62",CONCAT("https://wa.me/",O2),CONCAT("https://wa.me/62",RIGHT(O2,LEN(L2)-1))),"") -> https://wa.me/6285338248281 | Q2: https://docs.google.com/document/d/1koM7jfa8RoC22pZgwWqkVVyoPaOZkz_7/edit?usp=drive_link&ouid=109572619207324994548&rtpof=true&sd=true | R2: https://docs.google.com/presentation/d/16XjugvS5xlJJM99TsorAJ-kx4InqxW6z/edit?usp=drive_link&ouid=109572619207324994548&rtpof=true&sd=true | S2: =IFERROR(VLOOKUP(C2,OTP!$B$4:$D$50,3,0),"") -> 73829 | T2: FALSE | U2: FALSE | V2: =IFERROR(Vlookup(C2,'Copy of Response'!$C$4:$G$86,4,0),"") -> https://drive.google.com/open?id=1wV26GFpjP4UKadI-tKnz6salodT4LnF7 | W2: =IFERROR(Vlookup(C2,'Copy of Response'!$C$4:$G$86,5,0),"") -> https://drive.google.com/open?id=12v4_Y0UnSZuYo5L995KpIchuv3HBbDTV | X2: =IFERROR(Vlookup(C2,Response!$D$4:$L$1000,8,0),"") -> https://drive.google.com/open?id=1mvqTXndU-1CdHwEmyMF59FuihBX538KZ
A3: 2 | C3: 197311101992111001 | D3: Drs. Is Fahmin, M.AP | F3: Is Fahmin | G3: Kepala Dinas Perhubungan | H3: Dinas Perhubungan | I3: Penilaian Kompetensi Seleksi JPTP Sekretaris Daerah Kota Bima | K3: =IFERROR(IF(LEFT(J3,2)="62",CONCAT("https://wa.me/62",J3),CONCAT("https://wa.me/628",RIGHT(J3,LEN(J3)-1))),"") | L3: =IFERROR(Vlookup(C3,Response!$D$4:$L$1000,4,0),"") -> 6282147370989 | M3: =IFERROR(IF(LEFT(L3,2)="62",CONCAT("https://wa.me/",L3),CONCAT("https://wa.me/62",RIGHT(L3,LEN(L3)-1))),"") -> https://wa.me/6282147370989 | N3: =IFERROR(Vlookup(C3,Response!$D$4:$L$1000,6,0),"") -> NUR AINI | O3: =IFERROR(Vlookup(C3,Response!$D$4:$L$1000,7,0),"") -> 6282339039387 | P3: =IFERROR(IF(LEFT(O3,2)="62",CONCAT("https://wa.me/",O3),CONCAT("https://wa.me/62",RIGHT(O3,LEN(L3)-1))),"") -> https://wa.me/6282339039387 | Q3: https://docs.google.com/document/d/1j7c2WPL7c_moAqqjDsnhdK5cOoIh1GLo/edit?usp=drive_link&ouid=109572619207324994548&rtpof=true&sd=true | R3: https://docs.google.com/presentation/d/11518VMxojDHKNrpHlyLUesvLpVyshZTv/edit?usp=drive_link&ouid=109572619207324994548&rtpof=true&sd=true | S3: =IFERROR(VLOOKUP(C3,OTP!$B$4:$D$50,3,0),"") -> 56771 | V3: =IFERROR(Vlookup(C3,'Copy of Response'!$C$4:$G$86,4,0),"") -> https://drive.google.com/open?id=1Y4SlA8BdIeuwR_nJc9irKI9cs202JeB_ | W3: =IFERROR(Vlookup(C3,'Copy of Response'!$C$4:$G$86,5,0),"") -> https://drive.google.com/open?id=13w4-DbhZxtAyGLIcG_TE9uAPGU6DlDbl | X3: =IFERROR(Vlookup(C3,Response!$D$4:$L$1000,8,0),"") -> https://drive.google.com/open?id=1g7km6768_QT3qM0xPRLUMwMCok1Ghe1b
A4: 3 | C4: 196808281992031010 | D4: Drs. H. Muhammad Fakhrunraji, ME. CGCAE | F4: Muhammad Fakhrunraji | G4: Inspektur | H4: Inspektorat | I4: Penilaian Kompetensi Seleksi JPTP Sekretaris Daerah Kota Bima | K4: =IFERROR(IF(LEFT(J4,2)="62",CONCAT("https://wa.me/62",J4),CONCAT("https://wa.me/628",RIGHT(J4,LEN(J4)-1))),"") | L4: =IFERROR(Vlookup(C4,Response!$D$4:$L$1000,4,0),"") -> 628113902419 | M4: =IFERROR(IF(LEFT(L4,2)="62",CONCAT("https://wa.me/",L4),CONCAT("https://wa.me/62",RIGHT(L4,LEN(L4)-1))),"") -> https://wa.me/628113902419 | N4: =IFERROR(Vlookup(C4,Response!$D$4:$L$1000,6,0),"") -> M, Adi Farhan | O4: =IFERROR(Vlookup(C4,Response!$D$4:$L$1000,7,0),"") -> 6285253817944 | P4: =IFERROR(IF(LEFT(O4,2)="62",CONCAT("https://wa.me/",O4),CONCAT("https://wa.me/62",RIGHT(O4,LEN(L4)-1))),"") -> https://wa.me/6285253817944 | Q4: https://docs.google.com/document/d/1ybbEED2T2QlIzHh1T5_u93EY-kiPWP8z/edit?usp=drive_link&ouid=109572619207324994548&rtpof=true&sd=true | R4: https://docs.google.com/presentation/d/1rolxQrZMjh9pbnpcGOT0xwsoNrXIlWEl/edit?usp=sharing&ouid=109572619207324994548&rtpof=true&sd=true | S4: =IFERROR(VLOOKUP(C4,OTP!$B$4:$D$50,3,0),"") -> 99363 | V4: =IFERROR(Vlookup(C4,'Copy of Response'!$C$4:$G$86,4,0),"") -> https://drive.google.com/open?id=1Oo0bklyIyT-CmAqlW9yWp_z_VavTduh3 | W4: =IFERROR(Vlookup(C4,'Copy of Response'!$C$4:$G$86,5,0),"") -> https://drive.google.com/open?id=1l018Pcp0_-CUJxZuvxxiF0CqakHgJMuW | X4: =IFERROR(Vlookup(C4,Response!$D$4:$L$1000,8,0),"") -> https://drive.google.com/open?id=1RxEmb4EpkSekBBRBRomQA8hzc_JQrqZI
A5: 4 | C5: 196812222002101001 | D5: Sukarno, S.H | F5: Sukarno | G5: Kepala Dinas Pariwisata dan Kebudayaan | H5: Dinas Pariwisata dan Kebudayaan | I5: Penilaian Kompetensi Seleksi JPTP Sekretaris Daerah Kota Bima | K5: =IFERROR(IF(LEFT(J5,2)="62",CONCAT("https://wa.me/62",J5),CONCAT("https://wa.me/628",RIGHT(J5,LEN(J5)-1))),"") | L5: =IFERROR(Vlookup(C5,Response!$D$4:$L$1000,4,0),"") -> 6285238780613 | M5: =IFERROR(IF(LEFT(L5,2)="62",CONCAT("https://wa.me/",L5),CONCAT("https://wa.me/62",RIGHT(L5,LEN(L5)-1))),"") -> https://wa.me/6285238780613 | N5: =IFERROR(Vlookup(C5,Response!$D$4:$L$1000,6,0),"") -> Yhunita Ramdhani | O5: =IFERROR(Vlookup(C5,Response!$D$4:$L$1000,7,0),"") -> 6285138846511 | P5: =IFERROR(IF(LEFT(O5,2)="62",CONCAT("https://wa.me/",O5),CONCAT("https://wa.me/62",RIGHT(O5,LEN(L5)-1))),"") -> https://wa.me/6285138846511 | Q5: https://docs.google.com/document/d/1YGnOEP_ydqkRCV4VPhgEAAwqYEe7PIyn/edit?usp=drive_link&ouid=109572619207324994548&rtpof=true&sd=true | R5: https://docs.google.com/presentation/d/1N9NlAqGHH6MpkjZVwf9FMKWpGszYR1O_/edit?usp=drive_link&ouid=109572619207324994548&rtpof=true&sd=true | S5: =IFERROR(VLOOKUP(C5,OTP!$B$4:$D$50,3,0),"") -> 16865 | V5: =IFERROR(Vlookup(C5,'Copy of Response'!$C$4:$G$86,4,0),"") -> https://drive.google.com/open?id=1Z2hi0p2UpqX4c3AigBQ446Qh_fqNHzei | W5: =IFERROR(Vlookup(C5,'Copy of Response'!$C$4:$G$86,5,0),"") -> https://drive.google.com/open?id=1pyU0PiyCEuNebLA8rmu2DlHUJzfINMoT | X5: =IFERROR(Vlookup(C5,Response!$D$4:$L$1000,8,0),"") -> https://drive.google.com/open?id=1cJESZfCxaBrKSiXn7UJ_7Kl87tTQrTWD
A6: 5 | C6: 197304091992111001 | D6: Syarif Rustaman, S.Sos., M. Ap | F6: Syarif Rustaman | G6: Kepala Badan Perencanaan Pembangunan Daerah | H6: Badan Perencanaan Pembangunan Daerah | I6: Penilaian Kompetensi Seleksi JPTP Sekretaris Daerah Kota Bima | K6: =IFERROR(IF(LEFT(J6,2)="62",CONCAT("https://wa.me/62",J6),CONCAT("https://wa.me/628",RIGHT(J6,LEN(J6)-1))),"") | L6: =IFERROR(Vlookup(C6,Response!$D$4:$L$1000,4,0),"") -> 6281353448844 | M6: =IFERROR(IF(LEFT(L6,2)="62",CONCAT("https://wa.me/",L6),CONCAT("https://wa.me/62",RIGHT(L6,LEN(L6)-1))),"") -> https://wa.me/6281353448844 | N6: =IFERROR(Vlookup(C6,Response!$D$4:$L$1000,6,0),"") -> Fazhurrahman, S.STP., M.AP | O6: =IFERROR(Vlookup(C6,Response!$D$4:$L$1000,7,0),"") -> 6285337148341 | P6: =IFERROR(IF(LEFT(O6,2)="62",CONCAT("https://wa.me/",O6),CONCAT("https://wa.me/62",RIGHT(O6,LEN(L6)-1))),"") -> https://wa.me/6285337148341 | Q6: https://docs.google.com/document/d/1qa2nhXVp0X9XNLLaqAmP_hoLwM_qHHuV/edit?usp=drive_link&ouid=109572619207324994548&rtpof=true&sd=true | R6: https://docs.google.com/presentation/d/1fwr5ByBkmTxCfHeSJS42F1_5BEdPn-Ti/edit?usp=drive_link&ouid=109572619207324994548&rtpof=true&sd=true | S6: =IFERROR(VLOOKUP(C6,OTP!$B$4:$D$50,3,0),"") -> 62183 | V6: =IFERROR(Vlookup(C6,'Copy of Response'!$C$4:$G$86,4,0),"") -> https://drive.google.com/open?id=1yE9xCnKnMXZMzvX00CZ6q7gctddnd9zA | W6: =IFERROR(Vlookup(C6,'Copy of Response'!$C$4:$G$86,5,0),"") -> https://drive.google.com/open?id=16x0venGgrZ9wXOyoQG6XsD4x2lC-QHZa | X6: =IFERROR(Vlookup(C6,Response!$D$4:$L$1000,8,0),"") -> https://drive.google.com/open?id=1adhIsjwyjjQuxeiJIzBrvWPxqZA6-rs_
A7: 6 | C7: 197208241993031003 | D7: Muhammad Hasyim, S. Sos, M. Ec. Dev | F7: Muhammad Hasyim | G7: Kepala Diskominfotik | H7: Diskominfotik | I7: Penilaian Kompetensi Seleksi JPTP Sekretaris Daerah Kota Bima | K7: =IFERROR(IF(LEFT(J7,2)="62",CONCAT("https://wa.me/62",J7),CONCAT("https://wa.me/628",RIGHT(J7,LEN(J7)-1))),"") | L7: =IFERROR(Vlookup(C7,Response!$D$4:$L$1000,4,0),"") -> 6285253961333 | M7: =IFERROR(IF(LEFT(L7,2)="62",CONCAT("https://wa.me/",L7),CONCAT("https://wa.me/62",RIGHT(L7,LEN(L7)-1))),"") -> https://wa.me/6285253961333 | N7: =IFERROR(Vlookup(C7,Response!$D$4:$L$1000,6,0),"") -> Muhammad Rasyidin,S.Kom,MM | O7: =IFERROR(Vlookup(C7,Response!$D$4:$L$1000,7,0),"") -> 628123753515 | P7: =IFERROR(IF(LEFT(O7,2)="62",CONCAT("https://wa.me/",O7),CONCAT("https://wa.me/62",RIGHT(O7,LEN(L7)-1))),"") -> https://wa.me/628123753515 | Q7: https://docs.google.com/document/d/1-3euKIqqYo7MToZ7UVKDmsBy9DQWgRPv/edit?usp=drive_link&ouid=109572619207324994548&rtpof=true&sd=true | R7: https://docs.google.com/presentation/d/1iQDUC6fYGS38IU4MpQSjwMPdJnvICwGJ/edit?usp=drive_link&ouid=109572619207324994548&rtpof=true&sd=true | S7: =IFERROR(VLOOKUP(C7,OTP!$B$4:$D$50,3,0),"") -> 66331 | V7: =IFERROR(Vlookup(C7,'Copy of Response'!$C$4:$G$86,4,0),"") -> https://drive.google.com/open?id=1D97TyqGvFUL2uzqDOiizoggeihjJS25i | W7: =IFERROR(Vlookup(C7,'Copy of Response'!$C$4:$G$86,5,0),"") -> https://drive.google.com/open?id=1oT94f7iYPGK9BdVslL0cY6KT29dxWno9 | X7: =IFERROR(Vlookup(C7,Response!$D$4:$L$1000,8,0),"") -> https://drive.google.com/open?id=1io-mHdTTwQDlQSvx5wLdoTknuKFUz30y

Sheet OTP
A2: Daftar OTP Peserta Penilaian Kompetensi Seleksi JPTP Pemprov NTB
A3: NO | B3: NIP | C3: NAMA | D3: OTP
A4: 1 | B4: 196808281992031010 | C4: Muhammad Fakhrunraji | D4: 99363
A5: 2 | B5: 196812222002101001 | C5: Sukarno | D5: 16865
A6: 3 | B6: 197108152005011011 | C6: Arif Roesman Effendy | D6: 73829
A7: 4 | B7: 197208241993031003 | C7: Muhammad Hasyim | D7: 66331
A8: 5 | B8: 197304091992111001 | C8: Syarif Rustaman | D8: 62183
A9: 6 | B9: 197311101992111001 | C9: Is Fahmin | D9: 56771
A10: 7 | B10: 199411152019031003 | C10: Adli Dzil Ikram | D10: 89472
A11: 8 | B11: 199609152020121011 | C11: Satria Henarta Putra | D11: 32718

Sheet Response
A3: =IFERROR(__xludf.DUMMYFUNCTION("importrange(""https://docs.google.com/spreadsheets/d/1k-INxZIzrSWTB6S4e3_nSP_5GakYsfUgIfNn09-QEEA/edit?gid=6322877#gid=6322877"",""Form Responses 1!A1:N50"")"),"Timestamp") -> Timestamp | B3: =IFERROR(__xludf.DUMMYFUNCTION("""COMPUTED_VALUE"""),"Nama Lengkap Dengan Gelar") -> Nama Lengkap Dengan Gelar | C3: =IFERROR(__xludf.DUMMYFUNCTION("""COMPUTED_VALUE"""),"Nama Tanpa Gelar") -> Nama Tanpa Gelar | D3: =IFERROR(__xludf.DUMMYFUNCTION("""COMPUTED_VALUE"""),"NIP") -> NIP | E3: =IFERROR(__xludf.DUMMYFUNCTION("""COMPUTED_VALUE"""),"Jabatan Peserta") -> Jabatan Peserta | F3: =IFERROR(__xludf.DUMMYFUNCTION("""COMPUTED_VALUE"""),"Unit Kerja") -> Unit Kerja | G3: =IFERROR(__xludf.DUMMYFUNCTION("""COMPUTED_VALUE"""),"Nomor WhatsApp Peserta") -> Nomor WhatsApp Peserta | H3: =IFERROR(__xludf.DUMMYFUNCTION("""COMPUTED_VALUE"""),"Email Peserta ") -> Email Peserta | I3: =IFERROR(__xludf.DUMMYFUNCTION("""COMPUTED_VALUE"""),"Nama Pendamping IT") -> Nama Pendamping IT | J3: =IFERROR(__xludf.DUMMYFUNCTION("""COMPUTED_VALUE"""),"Nomor WhatsApp Pendamping IT") -> Nomor WhatsApp Pendamping IT | K3: =IFERROR(__xludf.DUMMYFUNCTION("""COMPUTED_VALUE"""),"Upload File DRH") -> Upload File DRH
A4: =IFERROR(__xludf.DUMMYFUNCTION("""COMPUTED_VALUE"""),45959.64743869213) -> 45959.647 | B4: =IFERROR(__xludf.DUMMYFUNCTION("""COMPUTED_VALUE"""),"Sukarno, S.H") -> Sukarno, S.H | C4: =IFERROR(__xludf.DUMMYFUNCTION("""COMPUTED_VALUE"""),"Sukarno") -> Sukarno | D4: =IFERROR(__xludf.DUMMYFUNCTION("""COMPUTED_VALUE"""),"196812222002101001") -> 196812222002101001 | E4: =IFERROR(__xludf.DUMMYFUNCTION("""COMPUTED_VALUE"""),"Kepala Dinas") -> Kepala Dinas | F4: =IFERROR(__xludf.DUMMYFUNCTION("""COMPUTED_VALUE"""),"Dinas Pariwisata dan Kebudayaan ") -> Dinas Pariwisata dan Kebudayaan | G4: =IFERROR(__xludf.DUMMYFUNCTION("""COMPUTED_VALUE"""),6.285238780613E12) -> 6285238780613 | H4: =IFERROR(__xludf.DUMMYFUNCTION("""COMPUTED_VALUE"""),"sukarnobimma@gmail.com") -> sukarnobimma@gmail.com | I4: =IFERROR(__xludf.DUMMYFUNCTION("""COMPUTED_VALUE"""),"Yhunita Ramdhani ") -> Yhunita Ramdhani | J4: =IFERROR(__xludf.DUMMYFUNCTION("""COMPUTED_VALUE"""),6.285138846511E12) -> 6285138846511 | K4: =IFERROR(__xludf.DUMMYFUNCTION("""COMPUTED_VALUE"""),"https://drive.google.com/open?id=1cJESZfCxaBrKSiXn7UJ_7Kl87tTQrTWD") -> https://drive.google.com/open?id=1cJESZfCxaBrKSiXn7UJ_7Kl87tTQrTWD
A5: =IFERROR(__xludf.DUMMYFUNCTION("""COMPUTED_VALUE"""),45959.61687391203) -> 45959.617 | B5: =IFERROR(__xludf.DUMMYFUNCTION("""COMPUTED_VALUE"""),"Sukarno, S.H") -> Sukarno, S.H | C5: =IFERROR(__xludf.DUMMYFUNCTION("""COMPUTED_VALUE"""),"Sukarno") -> Sukarno | D5: =IFERROR(__xludf.DUMMYFUNCTION("""COMPUTED_VALUE"""),"196812222002101001") -> 196812222002101001 | E5: =IFERROR(__xludf.DUMMYFUNCTION("""COMPUTED_VALUE"""),"Kepala Dinas") -> Kepala Dinas | F5: =IFERROR(__xludf.DUMMYFUNCTION("""COMPUTED_VALUE"""),"Dinas Pariwisata ") -> Dinas Pariwisata | G5: =IFERROR(__xludf.DUMMYFUNCTION("""COMPUTED_VALUE"""),6.285238780613E12) -> 6285238780613 | H5: =IFERROR(__xludf.DUMMYFUNCTION("""COMPUTED_VALUE"""),"sukarnobimma@gmail.com") -> sukarnobimma@gmail.com | I5: =IFERROR(__xludf.DUMMYFUNCTION("""COMPUTED_VALUE"""),"Yhunita Ramdhani") -> Yhunita Ramdhani | J5: =IFERROR(__xludf.DUMMYFUNCTION("""COMPUTED_VALUE"""),6.285138846511E12) -> 6285138846511 | K5: =IFERROR(__xludf.DUMMYFUNCTION("""COMPUTED_VALUE"""),"https://drive.google.com/open?id=1p9yBuuyf_Ep9Me9Ol_ztP1PcZd1wzWP3") -> https://drive.google.com/open?id=1p9yBuuyf_Ep9Me9Ol_ztP1PcZd1wzWP3
A6: =IFERROR(__xludf.DUMMYFUNCTION("""COMPUTED_VALUE"""),45960.46342597222) -> 45960.463 | B6: =IFERROR(__xludf.DUMMYFUNCTION("""COMPUTED_VALUE"""),"Syarif Rustaman, S.Sos., M.AP") -> Syarif Rustaman, S.Sos., M.AP | C6: =IFERROR(__xludf.DUMMYFUNCTION("""COMPUTED_VALUE"""),"Syarif Rustaman") -> Syarif Rustaman | D6: =IFERROR(__xludf.DUMMYFUNCTION("""COMPUTED_VALUE"""),"197304091992111001") -> 197304091992111001 | E6: =IFERROR(__xludf.DUMMYFUNCTION("""COMPUTED_VALUE"""),"Kepala Badan") -> Kepala Badan | F6: =IFERROR(__xludf.DUMMYFUNCTION("""COMPUTED_VALUE"""),"Badan Perencanaan Pembangunan Daerah (BAPPEDA) Kota Bima") -> Badan Perencanaan Pembangunan Daerah (BAPPEDA) Kota Bima | G6: =IFERROR(__xludf.DUMMYFUNCTION("""COMPUTED_VALUE"""),6.281353448844E12) -> 6281353448844 | H6: =IFERROR(__xludf.DUMMYFUNCTION("""COMPUTED_VALUE"""),"rustamansyarief@gmail.com") -> rustamansyarief@gmail.com | I6: =IFERROR(__xludf.DUMMYFUNCTION("""COMPUTED_VALUE"""),"Fazhurrahman, S.STP., M.AP") -> Fazhurrahman, S.STP., M.AP | J6: =IFERROR(__xludf.DUMMYFUNCTION("""COMPUTED_VALUE"""),6.285337148341E12) -> 6285337148341 | K6: =IFERROR(__xludf.DUMMYFUNCTION("""COMPUTED_VALUE"""),"https://drive.google.com/open?id=1adhIsjwyjjQuxeiJIzBrvWPxqZA6-rs_") -> https://drive.google.com/open?id=1adhIsjwyjjQuxeiJIzBrvWPxqZA6-rs_
A7: =IFERROR(__xludf.DUMMYFUNCTION("""COMPUTED_VALUE"""),45960.57577564815) -> 45960.576 | B7: =IFERROR(__xludf.DUMMYFUNCTION("""COMPUTED_VALUE"""),"Dr. Muhammad Hasyim, S.Sos, SH,M.Ec.Dev") -> Dr. Muhammad Hasyim, S.Sos, SH,M.Ec.Dev | C7: =IFERROR(__xludf.DUMMYFUNCTION("""COMPUTED_VALUE"""),"Muhammad Hasyim") -> Muhammad Hasyim | D7: =IFERROR(__xludf.DUMMYFUNCTION("""COMPUTED_VALUE"""),"197208241993031003") -> 197208241993031003 | E7: =IFERROR(__xludf.DUMMYFUNCTION("""COMPUTED_VALUE"""),"KEPALA DINAS") -> KEPALA DINAS | F7: =IFERROR(__xludf.DUMMYFUNCTION("""COMPUTED_VALUE"""),"DINAS KOMUNIKASI INFORMATIKA DAN STATISTIK") -> DINAS KOMUNIKASI INFORMATIKA DAN STATISTIK | G7: =IFERROR(__xludf.DUMMYFUNCTION("""COMPUTED_VALUE"""),6.285253961333E12) -> 6285253961333 | H7: =IFERROR(__xludf.DUMMYFUNCTION("""COMPUTED_VALUE"""),"hasyim.economic@bimakota.go.id") -> hasyim.economic@bimakota.go.id | I7: =IFERROR(__xludf.DUMMYFUNCTION("""COMPUTED_VALUE"""),"Muhammad Rasyidin,S.Kom,MM") -> Muhammad Rasyidin,S.Kom,MM | J7: =IFERROR(__xludf.DUMMYFUNCTION("""COMPUTED_VALUE"""),6.28123753515E11) -> 628123753515 | K7: =IFERROR(__xludf.DUMMYFUNCTION("""COMPUTED_VALUE"""),"https://drive.google.com/open?id=1io-mHdTTwQDlQSvx5wLdoTknuKFUz30y") -> https://drive.google.com/open?id=1io-mHdTTwQDlQSvx5wLdoTknuKFUz30y
A8: =IFERROR(__xludf.DUMMYFUNCTION("""COMPUTED_VALUE"""),45960.6618177662) -> 45960.662 | B8: =IFERROR(__xludf.DUMMYFUNCTION("""COMPUTED_VALUE"""),"Drs. H. Muhammad Fakhrunraji, M.E., CGCAE") -> Drs. H. Muhammad Fakhrunraji, M.E., CGCAE | C8: =IFERROR(__xludf.DUMMYFUNCTION("""COMPUTED_VALUE"""),"Muhammad Fakhrunraji") -> Muhammad Fakhrunraji | D8: =IFERROR(__xludf.DUMMYFUNCTION("""COMPUTED_VALUE"""),"196808281992031010") -> 196808281992031010 | E8: =IFERROR(__xludf.DUMMYFUNCTION("""COMPUTED_VALUE"""),"Inspektur Kota Bima") -> Inspektur Kota Bima | F8: =IFERROR(__xludf.DUMMYFUNCTION("""COMPUTED_VALUE"""),"Inspektorat Kota Bima") -> Inspektorat Kota Bima | G8: =IFERROR(__xludf.DUMMYFUNCTION("""COMPUTED_VALUE"""),6.28113902419E11) -> 628113902419 | H8: =IFERROR(__xludf.DUMMYFUNCTION("""COMPUTED_VALUE"""),"muhfakhrunraji68@gmail com") -> muhfakhrunraji68@gmail com | I8: =IFERROR(__xludf.DUMMYFUNCTION("""COMPUTED_VALUE"""),"M, Adi Farhan") -> M, Adi Farhan | J8: =IFERROR(__xludf.DUMMYFUNCTION("""COMPUTED_VALUE"""),6.285253817944E12) -> 6285253817944 | K8: =IFERROR(__xludf.DUMMYFUNCTION("""COMPUTED_VALUE"""),"https://drive.google.com/open?id=1RxEmb4EpkSekBBRBRomQA8hzc_JQrqZI") -> https://drive.google.com/open?id=1RxEmb4EpkSekBBRBRomQA8hzc_JQrqZI
A9: =IFERROR(__xludf.DUMMYFUNCTION("""COMPUTED_VALUE"""),45960.69933872685) -> 45960.699 | B9: =IFERROR(__xludf.DUMMYFUNCTION("""COMPUTED_VALUE"""),"Drs. IS FAHMIN, M.A.P") -> Drs. IS FAHMIN, M.A.P | C9: =IFERROR(__xludf.DUMMYFUNCTION("""COMPUTED_VALUE"""),"IS FAHMIN") -> IS FAHMIN | D9: =IFERROR(__xludf.DUMMYFUNCTION("""COMPUTED_VALUE"""),"197311101992111001") -> 197311101992111001 | E9: =IFERROR(__xludf.DUMMYFUNCTION("""COMPUTED_VALUE"""),"Kepala Dinas") -> Kepala Dinas | F9: =IFERROR(__xludf.DUMMYFUNCTION("""COMPUTED_VALUE"""),"Dinas Perhubungan Kota Bima") -> Dinas Perhubungan Kota Bima | G9: =IFERROR(__xludf.DUMMYFUNCTION("""COMPUTED_VALUE"""),6.282147370989E12) -> 6282147370989 | H9: =IFERROR(__xludf.DUMMYFUNCTION("""COMPUTED_VALUE"""),"isfahminisfahmin@gmail.com") -> isfahminisfahmin@gmail.com | I9: =IFERROR(__xludf.DUMMYFUNCTION("""COMPUTED_VALUE"""),"NUR AINI") -> NUR AINI | J9: =IFERROR(__xludf.DUMMYFUNCTION("""COMPUTED_VALUE"""),6.282339039387E12) -> 6282339039387 | K9: =IFERROR(__xludf.DUMMYFUNCTION("""COMPUTED_VALUE"""),"https://drive.google.com/open?id=1g7km6768_QT3qM0xPRLUMwMCok1Ghe1b") -> https://drive.google.com/open?id=1g7km6768_QT3qM0xPRLUMwMCok1Ghe1b
A10: =IFERROR(__xludf.DUMMYFUNCTION("""COMPUTED_VALUE"""),45961.50428685185) -> 45961.504 | B10: =IFERROR(__xludf.DUMMYFUNCTION("""COMPUTED_VALUE"""),"Arif Roesman Effendy, ST.,MSc., MT.") -> Arif Roesman Effendy, ST.,MSc., MT. | C10: =IFERROR(__xludf.DUMMYFUNCTION("""COMPUTED_VALUE"""),"Arif Roesman Effendy") -> Arif Roesman Effendy | D10: =IFERROR(__xludf.DUMMYFUNCTION("""COMPUTED_VALUE"""),"197108152005011011") -> 197108152005011011 | E10: =IFERROR(__xludf.DUMMYFUNCTION("""COMPUTED_VALUE"""),"Kepala Badan") -> Kepala Badan | F10: =IFERROR(__xludf.DUMMYFUNCTION("""COMPUTED_VALUE"""),"Badan Riset dan Inovasi Daerah Kota Bima") -> Badan Riset dan Inovasi Daerah Kota Bima | G10: =IFERROR(__xludf.DUMMYFUNCTION("""COMPUTED_VALUE"""),6.285338633833E12) -> 6285338633833 | H10: =IFERROR(__xludf.DUMMYFUNCTION("""COMPUTED_VALUE"""),"ar.effendy@gmail.com") -> ar.effendy@gmail.com | I10: =IFERROR(__xludf.DUMMYFUNCTION("""COMPUTED_VALUE"""),"Ahmad Yani Muhlis, M.Pd dan Neneng Halidah, S.Pi") -> Ahmad Yani Muhlis, M.Pd dan Neneng Halidah, S.Pi | J10: =IFERROR(__xludf.DUMMYFUNCTION("""COMPUTED_VALUE"""),6.285338248281E12) -> 6285338248281 | K10: =IFERROR(__xludf.DUMMYFUNCTION("""COMPUTED_VALUE"""),"https://drive.google.com/open?id=1mvqTXndU-1CdHwEmyMF59FuihBX538KZ") -> https://drive.google.com/open?id=1mvqTXndU-1CdHwEmyMF59FuihBX538KZ

Sheet Copy of Response
A3: =IFERROR(__xludf.DUMMYFUNCTION("importrange(""https://docs.google.com/spreadsheets/d/1xPiHNW4C0ophrt9T4eN0gBmNg_n1uxp58FRY494zwM0/edit?gid=1748825766#gid=1748825766"",""Form Responses 1!A1:N50"")"),"Timestamp") -> Timestamp | B3: =IFERROR(__xludf.DUMMYFUNCTION("""COMPUTED_VALUE"""),"Nama Peserta") -> Nama Peserta | C3: =IFERROR(__xludf.DUMMYFUNCTION("""COMPUTED_VALUE"""),"NIP") -> NIP | D3: =IFERROR(__xludf.DUMMYFUNCTION("""COMPUTED_VALUE"""),"Jabatan Peserta") -> Jabatan Peserta | E3: =IFERROR(__xludf.DUMMYFUNCTION("""COMPUTED_VALUE"""),"Unit Kerja") -> Unit Kerja | F3: =IFERROR(__xludf.DUMMYFUNCTION("""COMPUTED_VALUE"""),"Upload Form CI") -> Upload Form CI | G3: =IFERROR(__xludf.DUMMYFUNCTION("""COMPUTED_VALUE"""),"Upload Form Q-Kom") -> Upload Form Q-Kom
A4: =IFERROR(__xludf.DUMMYFUNCTION("""COMPUTED_VALUE"""),45960.69613444444) -> 45960.696 | B4: =IFERROR(__xludf.DUMMYFUNCTION("""COMPUTED_VALUE"""),"IS FAHMIN") -> IS FAHMIN | C4: =IFERROR(__xludf.DUMMYFUNCTION("""COMPUTED_VALUE"""),"197311101992111001") -> 197311101992111001 | D4: =IFERROR(__xludf.DUMMYFUNCTION("""COMPUTED_VALUE"""),"Kepala Dinas") -> Kepala Dinas | E4: =IFERROR(__xludf.DUMMYFUNCTION("""COMPUTED_VALUE"""),"Dinas Perhubungan Kota Boma") -> Dinas Perhubungan Kota Boma | F4: =IFERROR(__xludf.DUMMYFUNCTION("""COMPUTED_VALUE"""),"https://drive.google.com/open?id=1Y4SlA8BdIeuwR_nJc9irKI9cs202JeB_") -> https://drive.google.com/open?id=1Y4SlA8BdIeuwR_nJc9irKI9cs202JeB_ | G4: =IFERROR(__xludf.DUMMYFUNCTION("""COMPUTED_VALUE"""),"https://drive.google.com/open?id=13w4-DbhZxtAyGLIcG_TE9uAPGU6DlDbl") -> https://drive.google.com/open?id=13w4-DbhZxtAyGLIcG_TE9uAPGU6DlDbl
A5: =IFERROR(__xludf.DUMMYFUNCTION("""COMPUTED_VALUE"""),45960.83880631944) -> 45960.839 | B5: =IFERROR(__xludf.DUMMYFUNCTION("""COMPUTED_VALUE"""),"Muhammad Hasyim") -> Muhammad Hasyim | C5: =IFERROR(__xludf.DUMMYFUNCTION("""COMPUTED_VALUE"""),"197208241993031003") -> 197208241993031003 | D5: =IFERROR(__xludf.DUMMYFUNCTION("""COMPUTED_VALUE"""),"Kepala Dinas") -> Kepala Dinas | E5: =IFERROR(__xludf.DUMMYFUNCTION("""COMPUTED_VALUE"""),"Dinas Komunikasi Informatika dan Statistik ") -> Dinas Komunikasi Informatika dan Statistik | F5: =IFERROR(__xludf.DUMMYFUNCTION("""COMPUTED_VALUE"""),"https://drive.google.com/open?id=1D97TyqGvFUL2uzqDOiizoggeihjJS25i") -> https://drive.google.com/open?id=1D97TyqGvFUL2uzqDOiizoggeihjJS25i | G5: =IFERROR(__xludf.DUMMYFUNCTION("""COMPUTED_VALUE"""),"https://drive.google.com/open?id=1oT94f7iYPGK9BdVslL0cY6KT29dxWno9") -> https://drive.google.com/open?id=1oT94f7iYPGK9BdVslL0cY6KT29dxWno9
A6: =IFERROR(__xludf.DUMMYFUNCTION("""COMPUTED_VALUE"""),45960.95691782408) -> 45960.957 | B6: =IFERROR(__xludf.DUMMYFUNCTION("""COMPUTED_VALUE"""),"SUKARNO S.H") -> SUKARNO S.H | C6: =IFERROR(__xludf.DUMMYFUNCTION("""COMPUTED_VALUE"""),"196812222002101001") -> 196812222002101001 | D6: =IFERROR(__xludf.DUMMYFUNCTION("""COMPUTED_VALUE"""),"KEPALA DINAS ") -> KEPALA DINAS | E6: =IFERROR(__xludf.DUMMYFUNCTION("""COMPUTED_VALUE"""),"DINAS PARIWISATA DAN KEBUDAYAAN") -> DINAS PARIWISATA DAN KEBUDAYAAN | F6: =IFERROR(__xludf.DUMMYFUNCTION("""COMPUTED_VALUE"""),"https://drive.google.com/open?id=1Z2hi0p2UpqX4c3AigBQ446Qh_fqNHzei") -> https://drive.google.com/open?id=1Z2hi0p2UpqX4c3AigBQ446Qh_fqNHzei | G6: =IFERROR(__xludf.DUMMYFUNCTION("""COMPUTED_VALUE"""),"https://drive.google.com/open?id=1pyU0PiyCEuNebLA8rmu2DlHUJzfINMoT") -> https://drive.google.com/open?id=1pyU0PiyCEuNebLA8rmu2DlHUJzfINMoT
A7: =IFERROR(__xludf.DUMMYFUNCTION("""COMPUTED_VALUE"""),45961.31408744213) -> 45961.314 | B7: =IFERROR(__xludf.DUMMYFUNCTION("""COMPUTED_VALUE"""),"Muhammad Fakhrunraji") -> Muhammad Fakhrunraji | C7: =IFERROR(__xludf.DUMMYFUNCTION("""COMPUTED_VALUE"""),"196808281992031010") -> 196808281992031010 | D7: =IFERROR(__xludf.DUMMYFUNCTION("""COMPUTED_VALUE"""),"Inspektur Kota Bima") -> Inspektur Kota Bima | E7: =IFERROR(__xludf.DUMMYFUNCTION("""COMPUTED_VALUE"""),"Inspektorat Kota Bima") -> Inspektorat Kota Bima | F7: =IFERROR(__xludf.DUMMYFUNCTION("""COMPUTED_VALUE"""),"https://drive.google.com/open?id=1Oo0bklyIyT-CmAqlW9yWp_z_VavTduh3") -> https://drive.google.com/open?id=1Oo0bklyIyT-CmAqlW9yWp_z_VavTduh3 | G7: =IFERROR(__xludf.DUMMYFUNCTION("""COMPUTED_VALUE"""),"https://drive.google.com/open?id=1l018Pcp0_-CUJxZuvxxiF0CqakHgJMuW") -> https://drive.google.com/open?id=1l018Pcp0_-CUJxZuvxxiF0CqakHgJMuW
A8: =IFERROR(__xludf.DUMMYFUNCTION("""COMPUTED_VALUE"""),45961.33415369213) -> 45961.334 | B8: =IFERROR(__xludf.DUMMYFUNCTION("""COMPUTED_VALUE"""),"Syarif Rustaman") -> Syarif Rustaman | C8: =IFERROR(__xludf.DUMMYFUNCTION("""COMPUTED_VALUE"""),"197304091992111001") -> 197304091992111001 | D8: =IFERROR(__xludf.DUMMYFUNCTION("""COMPUTED_VALUE"""),"Kepala Badan") -> Kepala Badan | E8: =IFERROR(__xludf.DUMMYFUNCTION("""COMPUTED_VALUE"""),"Badan Perencanaan Pembangunan Daerah Kota Bima") -> Badan Perencanaan Pembangunan Daerah Kota Bima | F8: =IFERROR(__xludf.DUMMYFUNCTION("""COMPUTED_VALUE"""),"https://drive.google.com/open?id=1yE9xCnKnMXZMzvX00CZ6q7gctddnd9zA") -> https://drive.google.com/open?id=1yE9xCnKnMXZMzvX00CZ6q7gctddnd9zA | G8: =IFERROR(__xludf.DUMMYFUNCTION("""COMPUTED_VALUE"""),"https://drive.google.com/open?id=16x0venGgrZ9wXOyoQG6XsD4x2lC-QHZa") -> https://drive.google.com/open?id=16x0venGgrZ9wXOyoQG6XsD4x2lC-QHZa
A9: =IFERROR(__xludf.DUMMYFUNCTION("""COMPUTED_VALUE"""),45961.71773347222) -> 45961.718 | B9: =IFERROR(__xludf.DUMMYFUNCTION("""COMPUTED_VALUE"""),"Arif Roesman Effendy") -> Arif Roesman Effendy | C9: =IFERROR(__xludf.DUMMYFUNCTION("""COMPUTED_VALUE"""),"197108152005011011") -> 197108152005011011 | D9: =IFERROR(__xludf.DUMMYFUNCTION("""COMPUTED_VALUE"""),"Kepala Badan") -> Kepala Badan | E9: =IFERROR(__xludf.DUMMYFUNCTION("""COMPUTED_VALUE"""),"Badan Riset dan Inovasi Daerah Kota Bima") -> Badan Riset dan Inovasi Daerah Kota Bima | F9: =IFERROR(__xludf.DUMMYFUNCTION("""COMPUTED_VALUE"""),"https://drive.google.com/open?id=1wV26GFpjP4UKadI-tKnz6salodT4LnF7") -> https://drive.google.com/open?id=1wV26GFpjP4UKadI-tKnz6salodT4LnF7 | G9: =IFERROR(__xludf.DUMMYFUNCTION("""COMPUTED_VALUE"""),"https://drive.google.com/open?id=12v4_Y0UnSZuYo5L995KpIchuv3HBbDTV") -> https://drive.google.com/open?id=12v4_Y0UnSZuYo5L995KpIchuv3HBbDTV
